{
  "mean": [
    942.8838395115253,
    987.2989486687209,
    17.674242424242426,
    40.665151515151514,
    135.63484848484848,
    735.6189393939394,
    39510.65,
    535.5151515151515,
    401.6363636363636,
    230516.36363636365,
    10.342804264190194,
    0.7287878787878788,
    -0.49393939393939396
  ],
  "scale": [
    797.2284267982775,
    817.2343093858642,
    22.94740237894551,
    74.04676039488191,
    203.25391642760425,
    989.736665821572,
    41123.69918819861,
    143.45268910988085,
    107.58951683240905,
    103681.01213667815,
    242.4070551454545,
    34.028897101209566,
    31.59598113487084
  ]
}